공무원, 1485
경기도, 1233
일, 668
명, 629
증, 627
등, 604
것, 555
서울, 486
경기, 453
및, 418
지사, 408
수, 368
월, 354
뉴스, 352
평화, 340
대한, 313
질문, 306
이, 297
가구, 296
교육, 281
아파트, 265
명찰, 264
복무, 264
오류, 259
기자, 255
경제, 254
우회, 248
지역, 246
추가, 234
린다, 231
패용, 231
규칙, 231
지원, 226
함수, 220
년, 220
이번, 219
부, 217
정부, 204
통해, 202
무단, 199
배포, 199
금지, 199
제, 199
위해, 199
가슴, 198
국가공무원, 198
연, 197
도, 191
억원, 191
위기, 189
총, 186
민원, 185
발굴, 184
순, 182
기사, 180
올해, 179
선발, 177
조사, 177
계약, 175
성인, 174
복지, 172
서비스, 171
세미나, 170
센터, 166
청년, 160
문화, 156
소사, 156
재, 156
인구, 156
전재, 152
때문, 151
수주, 150
공시, 150
만원, 147
북부, 142
의, 138
건설, 138
남북, 136
요, 136
석, 135
고용, 132
항, 132
왼쪽, 132
만, 131
업무, 128
대상, 127
정책, 126
때, 126
동부, 125
고, 124
한국, 123
사, 123
면서, 121
가운데, 120
성, 120
주민, 120
거주, 120
전출, 117
젠더, 116
스쿨, 116
대비, 114
경쟁률, 113
바로가기, 113
수도권, 112
가장, 111
이야기, 110
사례, 110
사업, 108
긴급, 108
관리, 108
시, 107
모든, 107
저작권, 107
만큼, 107
사실, 107
전, 106
대해, 104
최근, 104
신청, 104
분양, 104
버스, 103
부지, 102
협력, 102
연합뉴스, 102
개, 101
단체, 101
도청, 100
인턴, 100
못, 100
시민, 99
요구, 99
오마이, 99
담당, 99
직원, 99
논란, 99
불친절, 99
총리, 99
규정, 99
행정기관, 99
목, 99
국민, 99
중심, 97
지난, 96
기능, 96
상황, 95
도민, 95
모집, 93
경우, 93
기록, 92
개월, 92
용인, 92
내, 92
억, 92
부담, 91
사회, 91
자치, 91
남양주, 91
주택, 91
약, 90
수준, 90
채널, 88
신축, 88
공사, 88
연구, 88
다도, 87
조례, 86
구독, 85
대상자, 85
규모, 84
마련, 83
생활, 83
노선, 83
예정, 82
기존, 81
전국, 81
규제, 81
비, 81
부분, 80
자신, 79
패, 79
높이, 79
향후, 79
말, 79
라면, 79
다만, 79
신도시, 78
분기, 78
지구, 78
시작, 76
앱, 76
성남시, 75
삼평동, 75
시설, 75
매출, 75
액, 75
재활, 75
공학, 75
장애인, 75
부서, 73
망, 73
게, 72
셈, 72
자, 71
위원, 71
보조, 70
수원, 70
확인, 70
변경, 68
이화영, 68
처음, 68
교류, 68
취임, 68
거, 68
한반도, 68
이재명, 68
공약, 68
북미, 68
고양, 68
김포, 68
이후, 67
폐지, 67
조치, 67
관계, 67
체계, 67
중앙, 67
과, 66
이상, 66
지시, 66
친절, 66
외국인, 66
구직, 66
준, 66
전혀, 66
방글라데시, 66
단어, 66
문서, 66
행동, 66
사장, 66
더, 66
무례, 66
총무, 66
행정, 66
취지, 66
하라, 66
이름, 66
마음, 66
휴대, 66
령, 66
명시, 66
조, 66
해당, 66
이유, 66
책임, 66
신임, 66
엄중, 66
단지, 66
씨, 66
첫, 65
시즌, 65
이닝, 65
강남구, 65
강동구, 65
지수, 65
를, 64
전문가, 64
자리, 63
역할, 63
네이버, 63
기간, 63
대체, 63
소, 62
분별, 62
원, 61
구축, 61
앞, 61
최종, 60
간, 60
취업, 60
알, 60
아들, 60
계속, 60
방안, 59
또, 59
문의, 59
제보, 59
크게, 59
두, 59
데, 59
제공, 58
볼, 58
운영, 58
아시아, 58
영규, 58
양성평등, 58
확산, 58
여성, 58
지적, 58
평등, 58
일상, 58
의식, 58
광주, 58
동두천, 58
지속, 56
정보, 56
정류, 56
차이, 55
성남, 55
개발, 55
절차, 54
강화, 54
관점, 54
관련, 54
설정, 54
장충식, 54
복지사, 54
각지, 54
기초, 54
보장, 54
수급, 54
연체, 54
민간, 54
퇴거, 54
처, 54
서류, 53
기준, 53
감독, 52
후반기, 52
노컷뉴스, 52
올스타, 52
위, 52
수도, 52
희망, 52
과장, 52
하남, 52
전입, 52
구입, 52
지난해, 52
역시, 52
대출, 52
가격, 52
강남, 52
전용, 52
한경, 51
경로, 50
보, 50
은, 50
체결, 50
보조공학, 50
진현, 50
보완, 50
의사소통, 50
기기, 50
국내, 50
관광, 49
능력, 49
프로그램, 49
지도, 48
정비, 48
지정, 47
세상, 47
골, 47
파스, 47
속보, 47
연예, 47
스타, 47
파이낸셜뉴스, 47
입, 47
신경, 47
평가, 47
봐, 47
카톡, 47
다운, 47
이주, 46
온, 46
번, 46
저렴, 46
지방, 46
발표, 45
청사, 45
홈페이지, 45
체험, 45
한편, 45
전반, 42
회, 42
달, 42
안내, 42
등록, 41
강근주, 40
하반기, 40
응모, 40
생활임금, 40
역량, 40
사무, 40
후, 40
결과, 40
주요, 40
날, 39
투수, 39
올스타전, 39
최고, 39
집값, 39
탈, 39
다산, 39
갈수록, 39
로, 39
인천, 39
더욱, 39
전망, 39
지축, 39
가량, 39
도시, 39
영향, 38
주가, 38
한경닷컴, 38
글방, 38
모바일, 38
동영상, 34
전화, 34
연결, 34
신설, 34
정무, 34
직, 34
의지, 34
표명, 34
공식, 34
사라, 34
직함, 34
생소, 34
시청자, 34
일단, 34
임명, 34
상의, 34
문제, 34
지방선거, 34
의회, 34
여당, 34
압승, 34
자유, 34
정의당, 34
미래, 34
야당, 34
배경, 34
중심지, 34
각오, 34
셨습, 34
통일, 34
경제특구, 34
최우, 34
선적, 34
건가, 34
광역, 34
최대, 34
기금, 34
조성하, 34
재정, 34
기반, 34
상태, 34
생각, 34
이신, 34
가요, 34
후보, 34
시절, 34
분단, 34
아픔, 34
간직, 34
채, 34
낙후, 34
지자체, 34
안보, 34
이례, 34
궤, 34
역, 34
군사시설, 34
보호, 34
구역, 34
특별, 34
대책, 34
각종, 34
중첩, 34
어려움, 34
남북정상회담, 34
정상회담, 34
남북관계, 34
진전, 34
다시, 34
불협화음, 34
내면, 34
모습, 34
보이, 34
사의, 34
론, 34
문재인, 34
성공, 34
모델, 34
건데, 34
청와대, 34
부처, 34
소통, 34
라인, 34
생방송, 34
시청, 34
대한민국, 34
일주일, 33
년도, 33
현장, 33
달기, 33
달라, 33
주장, 33
도지사, 33
이전, 33
고기, 33
복, 33
기자지, 33
허가, 33
농업, 33
노동자, 33
캄보디아, 33
황당, 33
느낌, 33
길, 33
발길, 33
영문, 33
인지, 33
홱, 33
쓰레기통, 33
뜬금, 33
양손, 33
표시, 33
인상, 33
어도, 33
최소한, 33
시늉, 33
설명, 33
반말, 33
해대, 33
주눅, 33
혹시, 33
잘못, 33
보이지, 33
두려움, 33
안고, 33
자치행정, 33
국, 33
내부, 33
공람, 33
근무시간, 33
노동조합, 33
예산, 33
낭비, 33
반발, 33
일자, 33
검토, 33
입장, 33
보도, 33
블럭, 33
도로, 33
백배, 33
의무, 33
착용, 33
정환, 33
뭔, 33
일일이, 33
붙이, 33
최현, 33
뭔가, 33
나태, 33
자세, 33
방법, 33
오연, 33
원칙, 33
일이, 33
조복, 33
신분증, 33
발급, 33
용한, 33
인사, 33
법령, 33
간소화, 33
연관, 33
여러, 33
통, 33
폐합, 33
제정, 33
호인, 33
늘, 33
공무, 33
집행, 33
제시, 33
제복, 33
소속, 33
여부, 33
여기, 33
우선, 33
좀, 33
섬기, 33
공과, 33
권리, 33
신속, 33
처리, 33
공정, 33
주권, 33
수임, 33
로서, 33
반기, 33
힐난, 33
불만, 33
무사, 33
안일, 33
집단, 33
비판, 33
이자, 33
경고, 33
만일, 33
법, 33
투쟁, 33
혹, 33
거부, 33
감, 33
책상, 33
머리, 33
안, 33
행정안전부, 33
장관, 33
노력, 33
물어, 33
그게, 33
민주, 33
시민기자, 33
오연호, 33
우리, 33
응원, 33
교육인, 29
남성, 29
차별, 29
성차별, 29
요소, 29
감지, 29
관내, 29
통장, 29
해설, 29
청소년, 29
기관, 29
종사, 29
군인, 29
이해, 29
인식, 29
개선, 29
분위기, 29
속, 29
잡, 29
유도, 29
감수성, 29
훈련, 29
고정관념, 29
인권, 29
존중, 29
함양, 29
성폭력, 29
예방, 29
이론, 29
과정, 29
안양, 29
양평, 29
앞서, 29
고양시, 29
양평군, 29
치위, 29
회의, 29
수요, 29
실효, 29
눈높이, 29
분야, 29
별, 29
맞춤, 29
정착, 29
계획, 29
룰렛, 29
당첨, 29
양낙규, 29
군사, 29
재미, 29
신기, 29
과학, 29
세계, 29
창, 29
눈, 29
업데이트, 28
출발, 28
도착, 28
즐겨찾기, 28
번호, 28
표, 28
이용, 28
앱스토어, 28
와, 27
충북, 27
증평군, 27
모녀, 27
사망, 27
사건, 27
계기, 27
중순, 27
선정, 27
충족, 27
함, 27
제도, 27
제대로, 27
추진, 27
가스, 27
전기, 27
용량, 27
거의, 27
검침, 27
인, 27
세대, 27
만호, 27
건, 27
공공, 27
자원, 27
구체, 27
간경화, 27
급성, 27
당뇨, 27
실직, 27
임대료, 27
임대, 27
재계약, 27
보증금, 27
납부, 27
김, 27
모씨, 27
풍차, 27
어린이재단, 27
원금, 27
가출, 27
세, 27
치매, 27
독거, 27
노인, 27
일상생활, 27
장기, 27
요양, 27
결연, 27
병원, 27
동행, 27
안부, 27
호익, 27
모니터링, 27
사후관리, 27
촘촘, 27
안전, 27
시세, 27
내년, 26
헨리, 26
리그, 26
에이스, 26
류, 26
오늘, 26
시리즈, 26
식기, 26
수가, 26
팀, 26
승리, 26
승, 26
마지막, 26
평균자책점, 26
퀄리티스타트, 26
자책, 26
이하, 26
그, 26
치, 26
가속, 26
전전, 26
이사, 26
전세, 26
지난달, 26
연속, 26
상반기, 26
재건축, 26
노원구, 26
명가, 26
뒤, 26
금융, 26
중이, 26
중간, 26
소득, 26
상환, 26
묶인, 26
격차, 26
값, 26
외곽, 26
은평, 26
새, 26
낫다, 26
강, 26
부천, 26
곳, 26
중랑구, 26
면적, 26
안팎, 26
센트럴, 26
명과, 26
생활권, 26
분석, 26
미사, 26
하나, 26
송파구, 26
절반, 26
순이, 26
동한, 26
서북, 26
특징, 26
개요, 25
단일, 25
판매, 25
공급, 25
상대방, 25
주식회사, 25
코람코, 25
자산, 25
신탁, 25
금액, 25
부터, 25
보고, 25
차트, 25
기업, 25
실적, 25
직접, 25
주의, 25
필요, 25
매수, 25
신문, 25
풀이, 25
공동, 25
동생, 25
알고리즘, 25
실시간, 25
작성, 25
종합, 25
누림, 25
개최, 25
현황, 25
확대, 25
방향, 25
주제, 25
외, 25
특강, 25
분과, 25
이어진, 25
점심시간, 25
최초, 25
스마트, 25
전시, 25
개장, 25
참석, 25
접수, 25
선착순, 25
이병우, 25
필요성, 25
공감, 25
러시아, 25
월드컵, 25
보기, 25
코리아, 25
사진, 20
청, 20
의정부, 20
저녁, 20
마감, 20
대학생, 20
집계, 20
별로, 20
관심, 20
회계, 20
언제, 20
실, 20
조건, 20
자기, 20
소개, 20
심사, 20
오후, 20
멘토, 20
근무, 20
급여, 20
의거, 20
시급, 20
보험, 20
가입, 20
실질, 20
경험, 20
차원, 20
단순, 20
위주, 20
관행, 20
적성, 20
고유, 20
부여, 20
또한, 20
컨설팅, 20
도정, 20
발전, 20
아이디어, 20
뱅크, 20
도내, 20
공공기관, 20
일자리, 20
재단, 20
별도, 20
뉴스터치, 14
스마트폰, 14
효율, 14
사항, 14
전체, 14
목록, 14
출근시간, 14
예약, 14
해소, 14
페이지, 14
가지, 14
이용자, 14
검색, 14
도록, 14
길찾기, 14
점, 14
소만, 14
항목, 14
구글, 14
스토어, 14
애플, 14
윤종열, 14
이제, 14
주식, 14
블록, 14
체인, 14
임종, 13
률, 13
이언, 13
홈, 13
공, 13
뿌리, 13
잠실, 13
신한은행, 13
마이카, 13
차, 13
전이, 13
잠실구장, 13
류중일, 13
등판, 13
일정, 13
언급, 13
아쉬움, 13
모양, 13
울산, 13
문수, 13
야구장, 13
나눔, 13
나선, 13
팬, 13
선수단, 13
투표, 13
차지, 13
이틀, 13
쉬, 13
판이, 13
휴식, 13
재개, 13
넥센, 13
두산, 13
연전, 13
투입, 13
입맛, 13
판하, 13
이기, 13
왜, 13
입증, 13
동안, 13
삼진, 13
안타, 13
홈런, 13
볼넷, 13
실점, 13
역투, 13
수확, 13
덕분, 13
김광현, 13
당한, 13
연패, 13
기, 13
투구, 13
질주, 13
플러스, 13
회도, 13
최, 13
다다, 13
소화, 13
불펜, 13
이타, 13
물론, 13
승운, 13
세스, 13
