년, 3295
치킨, 2850
것, 2687
층, 2533
원, 2435
가격, 2109
등, 2029
월, 1721
인상, 1700
가구, 1667
위약금, 1650
배달, 1539
지난해, 1473
만, 1405
수, 1356
만원, 1187
스마트폰, 1155
아파트, 1077
업체, 1065
음식물, 1029
문제, 1002
분양, 997
계약, 972
가맹, 961
점, 955
일, 908
사업, 891
이, 871
때, 869
프랜차이즈, 849
단지, 849
농가, 841
중, 813
집창촌, 754
매장, 741
서울, 740
사료, 735
대회, 705
금지, 701
업계, 686
닭, 685
고, 684
소비자, 678
학생, 660
설계, 660
경기도, 642
때문, 642
개발, 642
폐쇄, 638
미군, 637
기생충, 624
개, 616
추가, 600
비용, 597
뒤, 596
최근, 591
특, 587
골칫거리, 584
팀, 582
부대, 547
지난, 545
위해, 542
기자, 541
최상, 540
테라스, 540
뉴스, 536
중이, 536
우회, 535
감염, 520
값, 516
전, 513
최저임금, 513
료, 513
일부, 501
학교, 497
경우, 495
건설, 495
관계자, 493
정부, 491
양계, 490
오류, 486
함수, 486
무단, 481
배포, 481
전용, 477
콜롬비아, 470
간흡충, 468
검사, 468
마당, 466
비, 457
대행, 456
인천, 454
결과, 446
경제, 445
다른, 444
올해, 442
또, 437
건, 434
재, 432
게, 431
전재, 430
지역, 429
전국, 429
지자체, 428
가장, 427
내, 425
및, 424
지금, 416
자갈, 406
방안, 403
본사, 399
직원, 399
거, 398
품목, 397
도로, 394
이번, 392
달, 390
기간, 387
예식장, 385
본부, 383
못, 383
강, 381
코스타리카, 376
더, 375
률, 374
명, 371
그, 370
안, 364
주민, 361
한신, 360
일대, 350
성매매, 348
대표, 345
공간, 345
위례신도시, 343
제품, 342
햄버거, 340
모두, 333
초, 333
공급, 332
인근, 330
씨, 330
편의점, 330
모든, 329
축구, 329
미국, 329
코파, 329
초등학교, 326
면적, 324
를, 323
규모, 322
후, 319
총, 319
피해, 318
치, 317
지하, 315
처리, 309
시간, 308
미분, 306
정도, 305
최고, 303
농장, 302
경기, 294
부지, 294
파크, 291
사실, 290
눈치, 285
커피, 285
피자, 285
상승, 285
점주, 283
남미, 282
스타, 282
감독, 282
브라질월드컵, 282
이상, 281
여기, 280
가량, 278
수업, 275
사용, 275
해지, 275
약정, 275
휴대전화, 275
개월치, 275
거리, 273
별로, 273
상황, 271
해당, 267
상태, 267
수도, 266
문산, 260
보건, 260
와, 259
지상, 255
동, 255
예정, 254
제, 249
입, 249
위, 245
터, 245
공사, 245
임시, 245
냄새, 245
영종, 240
신더, 240
스카이, 240
도입, 240
매매, 238
공영, 238
포포투, 235
조별, 235
리그, 235
예선, 235
실제, 230
물가, 228
급여, 228
수수료, 228
각각, 228
주문, 228
직접, 228
면서, 228
할인, 226
고객, 226
식품, 226
국민일보, 226
권리, 226
국민, 223
청구, 223
시급, 220
주요, 220
현재, 220
카톡, 220
방, 220
학부모, 220
중독, 220
결혼식, 220
측은, 220
데, 218
보고, 218
먼저, 218
제공, 218
거의, 216
권장, 216
잔, 216
기사, 213
우려, 213
마리, 212
곳, 212
관리, 210
장내, 208
민물고기, 208
이전, 208
강원도, 207
중인, 206
한국, 206
조사, 205
청라, 204
롯데, 204
준공, 202
의, 201
볼, 200
약, 200
셈, 198
번, 198
해도, 196
차질, 196
반환, 196
절차, 196
개통, 196
위례서, 196
공구, 196
눈, 196
하루, 196
심, 194
축제, 188
코파아메리카, 188
개최, 188
러시아월드컵, 188
기록, 188
성적, 188
예상, 188
레알, 188
다락, 180
수요, 180
청약, 180
조감도, 180
이미지, 180
공영은, 180
영종하늘도시, 180
평균, 174
구조, 174
집결, 174
대구, 174
조성, 174
토지, 174
예산, 174
대한, 173
방침, 173
문화, 173
만큼, 172
간식, 171
재료, 171
요인, 171
오른, 171
임대료, 171
이유, 171
이익, 171
기본, 171
반면, 171
최저, 171
도계, 171
변동, 171
매일경제, 171
분위기, 171
구입, 170
전체, 170
뿐, 169
그대로, 169
가공, 169
인건비, 169
고용, 169
연, 168
대상, 167
준비, 167
점포, 167
몇, 167
선, 166
폭, 165
대책, 165
스, 165
학년, 165
부부, 165
예식, 165
과정, 163
무, 163
파주시, 162
위험, 162
아직, 161
유통, 161
오늘, 161
새, 161
계약금, 161
중도, 161
로, 161
오픈, 160
시점, 159
일이, 159
절반, 159
역, 157
얼마, 157
은퇴, 157
인, 157
개월, 157
파주, 156
연합뉴스, 156
선충, 156
퇴치, 156
지소, 156
암, 156
전망, 155
절감, 155
감당, 155
이후, 154
여름, 154
즉시, 153
주가, 153
주, 153
취급, 152
탓, 151
수준, 151
끝, 151
역시, 151
수도권, 151
부진, 151
필수, 151
말, 151
원인, 150
제보, 150
대형, 149
바로, 147
시행, 147
확인, 147
불편, 147
거여동, 147
쪽, 147
완료, 147
인식, 147
퇴비, 147
멸균, 147
다음, 146
배, 146
입지, 145
무도, 145
네, 143
주년, 141
출전, 141
기대, 141
우승, 141
팬, 141
루이스, 141
몸, 120
꼭대기, 120
만족도, 120
경쟁률, 120
철, 120
이데일리, 120
박태진, 120
복층, 120
평면, 120
시세, 120
선호, 120
외, 118
종합, 118
프리미엄, 117
움직임, 116
더욱, 116
논의, 116
시민, 116
대구시, 116
예술, 116
촌, 116
옥, 116
돌이, 116
여성, 116
동네, 115
기, 115
며, 115
부담, 115
동안, 115
가로, 115
철회, 115
각, 115
정보, 115
외식, 114
사각, 114
지대, 114
여론, 114
차례, 114
경쟁, 114
임금, 114
라며, 114
신제품, 114
대다수, 114
항변, 114
사육, 114
전후, 114
형태, 114
물류, 114
당, 114
리지, 114
메뉴, 114
일각, 114
지수, 114
한국은행, 114
둘, 114
아메리카노, 114
동결, 114
동일, 114
카페라테, 114
버거, 114
골드, 114
소폭, 114
닭고기, 114
어가, 113
면, 113
미란다, 113
원칙, 113
취재원, 113
독자, 113
반론, 113
정정, 113
추후, 113
보도, 113
고충, 113
전화, 113
물, 112
일명, 112
어려움, 112
지난달, 112
가운데, 112
명목, 112
로부터, 112
시, 112
협의, 112
회, 112
나, 112
사례, 112
통해, 112
주목, 111
신규, 111
높이, 111
하우스, 111
가가, 111
연구, 110
폰, 110
단톡방, 110
왕따, 110
알림, 110
아시아, 110
이현우, 110
담임, 110
교사, 110
반, 110
아이, 110
등교, 110
고등학교, 110
초등학생, 110
통제, 110
방해, 110
학업, 110
유해, 110
매체, 110
제한, 110
권고, 110
자율, 110
활동, 110
해약, 110
예비, 110
드, 110
메, 110
여씨, 110
사정, 110
내야, 110
미만, 110
서씨, 110
소비자원, 110
로열티, 110
임씨, 110
부당, 110
공정위, 110
이면, 110
강국, 110
인터넷, 110
심씨, 110
염, 109
조리, 109
힘, 109
도시, 109
공원, 109
기피, 109
억, 109
내년, 108
목동, 108
대해, 108
이하, 107
이듬해, 107
여명, 107
사항, 107
추진, 107
신세, 107
장점, 107
기존, 107
전문가, 107
길, 107
걱정, 106
통보, 106
속, 106
강남, 106
스스로, 106
표적, 106
금, 106
이용, 106
중학교, 106
골, 105
뜻, 105
년대, 104
위생, 104
질병, 104
유역, 104
투약, 104
무료, 104
담관, 104
기구, 104
문의, 104
타, 104
크게, 104
단계, 104
올린다, 104
기도, 104
기기, 104
두, 104
유일하, 104
달리, 104
현장, 104
관련, 104
우리, 104
운세, 104
무슨, 104
매일, 104
하자, 104
위원회, 104
김포, 104
호수, 103
국제, 103
전세, 102
탈출, 102
구로, 102
전셋값, 102
강서, 102
힐스테이트, 102
캐슬, 102
강서구, 102
오전, 102
물론, 102
세상, 102
세계, 102
합의, 102
측, 102
자료, 101
군, 101
유튜브, 101
주택, 100
특별, 100
지구, 100
사진, 99
설립, 99
방식, 99
이자, 98
클럽, 98
헤럴드경제, 98
핵심, 98
송파구, 98
교통, 98
구간, 98
주둔, 98
환경부, 98
억원, 98
파악, 98
환경, 98
처음, 98
임진택, 98
긴급, 98
방역, 98
철원, 98
야생, 98
조류, 98
공짜, 98
이건, 98
구토, 98
축산, 98
매립, 98
불법, 98
톤, 98
그거, 98
존재, 96
막, 96
알, 96
첫, 96
한창, 96
이기, 96
조, 94
레스터, 94
리오, 94
국, 94
대륙, 94
북, 94
중미, 94
월드, 94
파라과이, 94
약칭, 94
자국, 94
부활, 94
우루과이, 94
독일, 94
듯, 94
칠레, 94
아르헨티나, 94
로드리게스, 94
마드리드, 94
득점, 94
깜짝, 94
한번, 94
브라이언, 94
케일, 94
러, 94
나바스, 94
아스널, 94
조엘, 94
캠벨, 94
진출, 94
라미레스, 94
옥스포드, 94
날개, 60
달자, 60
수십, 60
상승세, 60
가을, 60
사, 60
그동안, 60
밖, 60
집안, 60
범죄, 60
취약, 60
자, 60
겨울, 60
춥다, 60
단점, 60
찬밥, 60
면치, 60
적외선, 60
감지기, 60
첨단, 60
센서, 60
설치, 60
필로티, 60
건물, 60
기둥, 60
보안, 60
건축, 60
기술, 60
발달, 60
냉, 60
난방, 60
조망, 60
확보, 60
부각, 60
활, 60
용도, 60
희소성, 60
웃돈, 60
삼성, 60
산이, 60
광진구, 60
래미안, 60
구의, 60
파크스, 60
위트, 60
뜰리, 60
몸값, 60
국민은행, 60
화성, 60
동탄, 60
신도시, 60
힐링, 60
마크, 60
금성, 60
조예, 60
미지, 60
기준, 60
무장, 60
블록, 60
안산시, 60
상록구, 60
사동, 60
시티, 60
주거, 60
복합, 60
발코니, 60
펜트하우스, 60
김지연, 60
리얼, 60
투데이, 60
리서치, 60
자의, 60
옥상, 60
미디어, 60
십년, 58
적극, 58
연대, 58
발표, 58
중구, 58
경상감영, 58
근대, 58
골목, 58
순종황제, 58
예술가, 58
창조, 58
여, 58
실어, 58
수원시, 58
민, 58
관, 58
수원역, 58
전북, 58
전주시, 58
선미, 58
마을, 58
게스트하우스, 58
협동조합, 58
조성하, 58
폐쇄된, 58
흔적, 58
춘천시, 58
옛, 58
난초, 58
주차장, 58
부산시, 58
지인, 58
서구, 58
충무, 58
초장동, 58
완월동, 58
매입, 58
지주, 58
수천, 58
마산합포구, 58
신포동, 58
꽃동네, 58
경남, 58
창원시, 58
재개발, 58
포함, 58
이주, 58
재활, 58
대감, 58
무르익, 58
조속, 58
낼, 58
최, 58
일영, 58
팔, 57
손, 57
천원, 57
급격, 57
타이밍, 57
잡지, 57
포화상태, 57
행태, 57
매스컴, 57
업자, 57
업종, 57
눈길, 57
서로, 57
살피, 57
처, 57
계획, 57
답변, 57
일쑤, 57
성북구, 57
운영, 57
매물, 57
수익, 57
명의, 57
지출, 57
월급, 57
여가, 57
기름, 57
포장재, 57
전단지, 57
각종, 57
도합, 57
매달, 57
연말, 57
이만, 57
만이, 57
향후, 57
극히, 57
팔면, 57
손님, 57
쿠폰, 57
하소연, 57
수익률, 57
마찬가지, 57
고급, 57
추세, 57
출시, 57
효과, 57
보수, 57
원일, 57
식탁, 57
생닭, 57
만들기, 57
절단, 57
작업, 57
안팎, 57
육, 57
소스, 57
부자, 57
홍보, 57
판촉, 57
이윤, 57
최종, 57
여파, 57
일단, 57
발, 57
하나, 57
과거, 57
우후죽순, 57
조로, 57
내면, 57
오토바이, 57
리스, 57
보험료, 57
요금, 57
병원, 57
배짱, 57
부리, 57
여의도, 57
연휴, 57
눈비, 57
날, 57
일손, 57
가게, 57
마진, 57
훌쩍, 57
가파르기, 57
놨, 57
별도, 57
일산, 57
주인, 57
이득, 57
무상, 57
콜라, 57
주지, 57
곳도, 57
근무시간, 57
퇴직, 57
일자리, 57
충, 57
골몰, 57
특정, 57
보전, 57
식이, 57
노인, 57
인력, 57
과당, 57
워낙, 57
관심, 57
압박, 57
자체, 57
리기, 57
최대, 57
강제, 57
고지, 57
보기, 57
머뭇, 57
장기, 57
폐업, 57
품질, 57
하락, 57
서비스, 57
저하, 57
편익, 57
김태훈, 57
사무국, 57
모니터링, 57
카드, 57
인하, 57
좀, 57
현실, 57
먹거리, 57
자릿수, 57
럭스, 57
통계, 57
시스템, 57
햇수, 57
통계청, 57
간, 57
증가, 57
율, 57
경제성장률, 57
스타벅스, 57
톨, 57
사이즈, 57
용량, 57
이디야, 57
단가, 57
롯데리아, 57
불고기, 57
새우, 57
세트, 57
미스터피자, 57
슈, 57
림프, 57
포테이토, 57
회사, 57
농심, 57
신라면, 57
새우깡, 57
좀처럼, 57
교촌치킨, 57
후라이드, 57
양념, 57
간장, 57
한해, 57
멕시칸, 57
장시간, 57
초기, 57
폭리, 57
전과, 57
장사, 57
손해, 57
보지, 57
오래전, 57
수급, 57
정치, 57
이유나, 57
여론몰이, 57
결정, 57
부정, 57
의견, 57
열흘, 57
맥락, 57
가물, 57
점진, 57
우상, 57
향, 57
곡선, 57
여지, 57
농수산물유통공사, 57
