등, 1413
개, 1197
것, 1128
경기도, 852
청년, 837
수, 828
법, 766
지원, 719
택배, 700
사업, 675
기부, 640
정책, 605
가축, 578
관리, 577
일, 567
지역, 554
문제, 538
축산물, 516
아양, 513
위생, 510
월, 508
기업, 500
년, 472
지구, 459
및, 447
이, 443
식용, 442
식품, 440
대상, 418
행위, 408
정부, 398
제, 387
교육, 378
안성, 378
규정, 374
동물, 374
사회, 367
근로자, 341
도축, 340
개고기, 340
경제, 339
대한, 337
금지, 325
중심, 324
상권, 324
상업시설, 324
푸드, 320
뱅크, 320
뉴스, 318
도살, 306
기준, 294
축산, 272
문화, 271
인수위, 270
너, 270
스퀘어, 270
안성시, 270
오류, 268
우회, 268
함수, 268
추가, 268
인구, 265
방법, 263
시설, 262
서울, 255
복지, 251
기자, 250
고, 248
위해, 244
연수, 243
리테일, 240
동물보호법, 238
규모, 234
근무, 232
무단, 223
배포, 223
관계자, 218
중소기업, 217
만, 211
사육, 204
조, 204
사유, 204
부천시, 204
통해, 203
일자리, 202
대통령, 202
예정, 198
만원, 198
실버, 196
이념, 196
관련, 195
억원, 191
상업, 189
시리즈, 186
포인트, 186
명, 185
재, 183
위원회, 183
유통, 176
또한, 175
산업, 172
입, 171
국민, 170
복날, 170
사람, 170
위, 170
목적, 170
정당, 170
시민, 170
아파트, 168
회사, 168
에서, 164
날, 164
생활용품, 160
복, 158
저작권, 158
이하, 157
이상, 155
전재, 155
논란, 152
친, 146
로서, 142
다산, 140
신도시, 140
주민, 139
방안, 139
단지, 138
계획, 137
층, 137
내, 136
연합뉴스, 136
법률, 136
국회, 136
방치, 136
부천, 136
아기, 136
환영, 136
학교, 135
수요, 135
중앙, 135
일신, 135
보건복지부, 133
결과, 133
참여, 130
경기, 129
제공, 129
그, 129
연금, 124
임금, 124
마, 124
이스터, 124
통장, 124
모집, 124
모든, 123
기존, 122
운영, 122
일부, 122
상반기, 120
수퍼마켓, 120
물품, 120
랄라블라, 120
안정, 119
차, 118
도내, 117
도시, 116
사진, 115
이용, 115
조성, 115
도, 112
간, 112
갈등, 112
노인, 112
비판, 112
삼성, 112
주력, 112
업종, 112
위기, 112
건설, 111
지난, 111
금액, 111
해결, 109
현재, 109
교육감, 108
공단, 108
앞, 108
가공, 108
회, 108
개정, 108
건영, 108
상가, 108
활동, 107
우선, 104
적용, 102
삼복, 102
전통, 102
우리, 102
개장, 102
여론, 102
동법, 102
시행, 102
령, 102
규율, 102
규칙, 102
죽음, 102
생명, 102
저출산, 102
우수, 102
장관, 102
기념, 102
세상, 99
과정, 96
방식, 96
현행, 96
범위, 96
지방자치단체, 96
이야기, 96
신문, 96
구조, 96
부, 95
법령, 95
점, 94
최초, 94
영세, 93
다도, 93
소상, 93
공인, 93
내용, 93
며, 92
최근, 90
지자체, 90
기관, 89
추진, 89
대해, 89
때문, 89
기사, 89
물론, 88
협의, 86
대란, 84
창, 84
부자, 84
대체, 84
성장, 84
문, 84
국가, 84
바로가기, 84
수원, 83
지상, 83
중이, 83
상황, 83
향후, 82
인근, 82
도로, 82
설립, 81
노후, 81
체계, 81
학생, 81
교사, 81
분양, 81
입지, 81
개발, 81
브랜드, 81
흡수, 81
전역, 81
구도, 81
필요, 80
지난해, 80
헬스앤, 80
뷰티, 80
각, 80
팀, 80
전국, 74
확대, 71
매월, 71
직접, 71
골, 68
파스, 68
속보, 68
연예, 68
스타, 68
파이낸셜뉴스, 68
전, 68
안, 68
직결, 68
생존, 68
감정, 68
조속, 68
무더위, 68
올해, 68
더위, 68
보양음식, 68
보신탕, 68
요리법, 68
증진, 68
여론조사, 68
응답, 68
의원, 68
업자, 68
개정안, 68
발의, 68
청원, 68
의무, 68
법체계, 68
사항, 68
소, 68
말, 68
돼지, 68
닭, 68
오리, 68
사슴, 68
토끼, 68
칠면조, 68
거위, 68
메추리, 68
꿩, 68
당나귀, 68
개선, 68
농림축산식품부, 68
포함, 68
상, 68
법적, 68
허가, 68
작업장, 68
장소, 68
제정, 68
학대, 68
신체, 68
벌금, 68
규, 68
개인, 68
행사, 68
극복, 68
선정, 68
시상식, 68
수상, 68
출산, 68
지속, 67
조직, 67
처음, 67
가장, 67
와, 67
동안, 67
역할, 67
업, 65
체감, 65
나선, 62
구체, 62
비용, 62
실질, 62
볼, 62
대폭, 62
중, 62
혜택, 62
의, 62
상시, 62
보험, 62
신청, 62
재직, 62
최대, 62
논쟁, 62
소비, 62
공장, 62
모습, 62
은, 62
보호, 62
축, 62
단, 61
평가, 61
위원장, 61
기구, 61
계속, 61
실무, 61
자치, 61
러시아, 61
월드컵, 61
제보, 61
로, 61
명의, 61
상태, 61
호, 61
한편, 61
다른, 61
자연, 61
홍보, 61
관, 61
또, 59
세, 59
남경필, 59
연, 59
지사, 59
요구, 59
실장, 59
현장, 59
고용, 59
정도, 59
구성, 58
전경, 58
효과, 58
방침, 58
합리, 56
장충식, 56
찾기, 56
예산, 56
배송, 56
주택, 56
공동체, 56
황동일, 56
스포, 56
티비, 56
대전, 56
리그, 56
화재, 56
체육관, 56
미국, 56
문재인, 56
수출, 56
반도체, 56
휴대폰, 56
자동차, 56
중국, 56
명예, 56
교수, 56
수원시, 56
변화, 56
전자, 56
규제, 56
잣, 56
클릭, 56
경쟁, 56
프랑스, 56
이제, 56
지지, 56
검토, 55
거주, 55
도입, 55
핵심, 55
이번, 55
통한, 55
확보, 55
대화, 55
미래, 55
직면, 55
를, 55
시민단체, 55
보수, 55
이재정, 54
가칭, 54
자료, 54
기획, 54
종합, 54
신설, 54
원장, 54
기능, 54
산재, 54
연한, 54
마을, 54
마무리, 54
위원, 54
총, 54
택지, 54
일대, 54
인접, 54
시청, 54
국립, 54
한경대, 54
편이, 54
소규모, 54
희소성, 54
배후, 54
천, 54
곳, 54
객, 54
심, 54
번, 54
매우, 54
영향, 53
인천, 53
설정, 53
수도권, 46
하남시, 40
신장동, 40
하남, 40
직원, 40
오른쪽, 40
반기, 40
돌파, 40
한국사, 40
회복, 40
지협, 40
의회, 40
누적, 40
여, 40
달, 40
취약, 40
계층, 40
식생활, 40
부인, 40
공산품, 40
품목, 40
기한, 40
선별, 40
관할, 40
물류, 40
센터, 40
일괄, 40
수거, 40
장인, 40
억, 40
어치, 40
야채, 40
과일, 40
유제품, 40
신선, 40
내의, 40
매장, 40
수령, 40
박정현, 40
서비스, 40
업계, 40
초과, 40
달성, 40
책임, 40
유통업, 40
공헌, 40
선, 40
순환, 40
모델, 40
선도, 40
김영권, 40
미세먼지, 38
충남, 38
협력, 38
프리즘, 34
기승, 34
부리, 34
초복, 34
중복, 34
말복, 34
바닥, 34
형상, 34
몹시, 34
날씨, 34
글자, 34
농장, 34
철창, 34
밖, 34
이선명, 34
삼계탕, 34
조상, 34
평상시, 34
취, 34
조선시대, 34
저술, 34
요리, 34
음식디미방, 34
개장국, 34
고지, 34
찜, 34
순대, 34
고유, 34
동의보감, 34
오장, 34
혈맥, 34
장, 34
골수, 34
충족, 34
허리, 34
무릎, 34
양도, 34
기력, 34
서술, 34
감자, 34
의뢰, 34
리얼미터, 34
성인, 34
금지법, 34
반려, 34
구가, 34
식, 34
반대, 34
이상돈, 34
국회의원, 34
사육이, 34
육견, 34
최소한, 34
최대한, 34
이익, 34
동물복지, 34
저해, 34
표창원, 34
사실, 34
청와대, 34
게시판, 34
고양이, 34
종식, 34
오전, 34
동의, 34
지금, 34
입법, 34
흠결, 34
눈치, 34
보고, 34
감독, 34
방기, 34
건강, 34
잠재, 34
위협, 34
요소, 34
처리, 34
검사, 34
양, 34
대통령령, 34
항, 34
개량, 34
증식, 34
수급, 34
조절, 34
가격, 34
면양, 34
염소, 34
타조, 34
노새, 34
꿀벌, 34
이처럼, 34
만들기, 34
모두, 34
일응, 34
주장, 34
열거, 34
임의, 34
위반, 34
처벌, 34
포장, 34
단계, 34
준수, 34
생, 34
고기, 34
가공품, 34
원피, 34
내장, 34
부산물, 34
반려견, 34
사육만이, 34
보아, 34
다그, 34
럼, 34
현실, 34
무엇, 34
고통, 34
스트레스, 34
굶주림, 34
질병, 34
조치, 34
잔인, 34
노상, 34
공개, 34
종류, 34
수의학, 34
처치, 34
재산, 34
피해, 34
경우, 34
징역, 34
처, 34
지방법원, 34
부과, 34
약식, 34
명령, 34
처분, 34
판결, 34
자체, 34
안전보장, 34
존중, 34
정서, 34
함양, 34
란, 34
위법성, 34
조각, 34
구성요건, 34
음식, 34
취향, 34
따라서, 34
불안, 34
지위, 34
비겁, 34
변명, 34
최재홍, 34
법무, 34
법인, 34
변호사, 34
민변, 34
환경, 34
보건, 34
주간경향, 34
경향신문, 34
한국, 34
온라인, 34
협회, 34
디지털, 34
복지부, 34
후, 34
정진욱, 34
세종, 34
회관, 34
직속, 34
고령, 34
주최, 34
결혼, 34
육아, 34
긍정, 34
분위기, 34
확산, 34
기여, 34
단체, 34
상이, 34
시, 34
시책, 34
경진, 34
대회, 34
최우수상, 34
수상한, 34
데, 34
성과, 34
의미, 34
전담, 34
부서, 34
정식, 34
훈령, 34
자녀, 34
거버넌스, 34
발굴, 34
모니터링, 34
호응, 34
알리, 34
기도, 34
장덕, 34
시장, 34
출생률, 34
감소, 34
불균형, 34
집단지성, 34
주도, 34
연대, 34
다각, 34
해법, 34
나가야, 34
마음, 34
아이, 34
행복도시, 34
최선, 34
채널, 34
보기, 34
코리아, 34
자산, 31
형성, 31
기피, 31
요인, 31
하나, 31
누릴, 31
청사, 31
최저임금, 31
인상, 31
사업자, 31
대책, 31
임종, 31
철, 31
자금, 31
자격, 31
중소, 31
원대, 31
월급, 31
시기, 31
전면, 31
해제, 31
가입, 31
여부, 31
누구, 31
연중, 31
미가, 31
확인, 31
서류, 31
기원, 31
보완, 31
때, 31
희망, 31
경쟁률, 31
종사, 31
제외, 31
기대, 31
본래, 31
경영, 31
해소, 31
돕기, 31
일정, 31
액, 31
납, 31
입하, 31
퇴직, 31
목돈, 31
제조, 31
분야, 31
단위, 31
연간, 31
김병철, 31
나우, 31
인기, 31
무료, 31
만화, 31
페이스북, 31
재발, 28
방지, 28
계기, 28
중인, 28
운송, 28
차량, 28
출입, 28
사태, 28
수단, 28
강, 28
국토교통부, 28
시공사, 28
전문가, 28
다시, 28
전달, 28
변형, 28
투입, 28
줄, 28
사가, 28
입구, 28
방문, 28
무산, 28
금, 28
운용, 28
제도로, 28
절반, 28
거, 28
부담, 28
변경, 28
이해당사자, 28
마련, 28
특정, 28
특혜, 28
배달, 28
최소, 28
생각, 28
거나, 28
사의, 28
사업인, 28
시범, 28
앞서, 28
남, 28
용이, 28
크게, 28
늘, 28
답, 28
관심, 28
이춘, 28
표, 28
주자, 28
관여, 28
여지, 28
그냥, 28
포토, 28
곽혜미, 28
도드람, 28
남자, 28
대한항공, 28
플레이오프, 28
전이, 28
오후, 28
충무, 28
세터, 28
동료, 28
영상, 28
세리머니, 28
심장, 28
흥, 28
영, 28
대학농구, 28
주요, 28
독점, 28
생중계, 28
데스크, 28
진단, 28
쇼크, 28
흐름, 28
비관, 28
전망, 28
언급, 28
레, 28
이철, 28
균, 28
부장, 28
정권, 28
성패, 28
좌우, 28
나라, 28
예외, 28
글로벌, 28
호황, 28
덕, 28
천운, 28
평, 28
징후, 28
최악, 28
투자, 28
수가, 28
전선, 28
디스플레이, 28
체력, 28
다해, 28
간다, 28
대부분, 28
추월, 28
대한민국, 28
자신, 28
이필상, 28
서울대, 28
경쟁력, 28
먹거리, 28
능력, 28
장안구, 28
실내, 28
채용, 28
박람회, 28
구직, 28
자, 28
감, 28
집권, 28
감지, 28
발언, 28
단어, 28
부쩍, 28
인도, 28
순방, 28
길, 28
준공, 28
현대, 28
한화, 28
자주, 28
소통, 28
애로, 28
청취, 28
부처, 28
완화, 28
미흡, 28
당일, 28
회의, 28
강수, 28
노선, 28
묘수, 28
변신, 28
촛불, 28
주역, 28
노동, 28
과거, 28
발상, 28
부터, 28
참여정부, 28
실패, 28
전철, 28
수위, 28
높이, 28
이재용, 28
부회장, 28
만남, 28
면죄부, 28
제기, 28
반, 28
진보, 28
단순화, 28
좌, 28
면서, 28
세계, 28
치열, 28
체제, 28
틀, 28
너무, 28
꼬, 28
에마뉘엘, 28
마크, 28
롱, 28
지지율, 28
후반, 28
양원, 28
합동, 28
연설, 28
출하, 28
지도, 28
분배, 28
척, 28
가당, 28
치도, 28
목소리, 28
얘기, 28
강대국, 28
자국, 28
주의, 28
통상, 28
구사, 28
무한, 28
