것, 4370
등, 4046
년, 3987
치킨, 2850
경기도, 2727
층, 2670
월, 2583
수, 2552
원, 2496
가격, 2195
일, 2143
가구, 1963
개, 1914
인상, 1764
만, 1747
사업, 1674
위약금, 1650
이, 1611
지난해, 1605
문제, 1574
배달, 1567
만원, 1532
아파트, 1510
공무원, 1485
서울, 1481
및, 1289
지역, 1229
금지, 1225
뉴스, 1206
명, 1185
분양, 1182
스마트폰, 1169
계약, 1147
추가, 1102
정부, 1093
업체, 1065
점, 1063
고, 1056
단지, 1053
우회, 1051
기자, 1046
경제, 1038
음식물, 1029
때, 1026
오류, 1013
청년, 997
위해, 985
함수, 974
가맹, 961
지원, 945
무단, 903
배포, 903
관리, 895
때문, 882
경기, 876
중, 875
프랜차이즈, 849
농가, 841
제, 835
대한, 823
법, 799
최근, 785
매장, 781
개발, 778
재, 771
집창촌, 754
닭, 753
지난, 752
건설, 744
학생, 741
대회, 739
전재, 737
사료, 735
정책, 731
업계, 726
관계자, 724
대상, 712
교육, 710
택배, 700
올해, 689
팀, 688
전, 687
설계, 687
소비자, 678
이번, 666
식품, 666
비용, 659
내, 653
중이, 645
규모, 640
기부, 640
폐쇄, 638
지구, 637
미군, 637
학교, 632
증, 627
기생충, 624
일부, 623
경우, 622
뒤, 622
주민, 620
결과, 619
위생, 614
특, 614
가장, 605
방안, 601
문화, 600
전국, 584
골칫거리, 584
가축, 578
테라스, 567
비, 565
모든, 559
총, 559
또, 555
지자체, 552
부대, 547
인천, 546
최저임금, 544
값, 542
최상, 540
직원, 538
예정, 534
전용, 529
기업, 525
그, 525
규정, 522
감염, 520
다른, 518
통해, 517
축산물, 516
아양, 513
료, 513
도로, 509
게, 503
이상, 502
검사, 502
거, 494
국민, 492
양계, 490
건, 488
못, 483
기사, 482
억원, 480
달, 472
콜롬비아, 470
더, 469
간흡충, 468
입, 467
지사, 467
위, 467
마당, 466
안, 465
사회, 458
대행, 456
지금, 450
기간, 450
상황, 449
를, 442
식용, 442
품목, 437
강, 435
사실, 431
인근, 425
연, 424
복지, 423
인구, 421
중심, 421
행위, 408
기준, 407
자갈, 406
제공, 405
일대, 404
의, 401
본사, 399
스타, 397
부지, 396
씨, 396
연합뉴스, 394
후, 393
률, 387
미국, 385
시민, 385
예식장, 385
본부, 383
조사, 382
안성, 378
정도, 377
면서, 377
면적, 377
처리, 376
코스타리카, 376
동물, 374
축산, 370
부, 369
감독, 368
모두, 367
조, 364
한국, 363
상태, 362
고용, 360
해당, 360
한신, 360
공급, 357
위례신도시, 356
관련, 353
와, 353
피해, 352
성매매, 348
대표, 345
공간, 345
수요, 344
치, 343
지하, 342
최고, 342
제품, 342
근로자, 341
뱅크, 340
도축, 340
개고기, 340
평화, 340
햄버거, 340
지상, 338
시설, 337
유통, 337
시간, 336
농장, 336
규칙, 333
공사, 333
초, 333
편의점, 330
현재, 329
축구, 329
코파, 329
초등학교, 326
직접, 324
상권, 324
상업시설, 324
볼, 320
푸드, 320
눈치, 319
사육, 318
수도, 318
리그, 317
약, 317
가량, 317
저작권, 316
여기, 313
데, 311
기존, 310
수도권, 309
기록, 308
만큼, 306
도살, 306
질문, 306
미분, 306
도, 303
대해, 301
위기, 301
말, 298
번, 298
상승, 298
셈, 297
방법, 296
도입, 295
보건, 294
별로, 293
곳, 292
파크, 291
이하, 290
조성, 289
과정, 288
주요, 288
위원회, 287
커피, 285
피자, 285
점주, 283
동, 282
남미, 282
브라질월드컵, 282
일자리, 279
신도시, 278
가공, 277
보고, 277
수업, 275
사용, 275
해지, 275
약정, 275
휴대전화, 275
개월치, 275
거리, 273
구조, 270
인수위, 270
제보, 270
너, 270
스퀘어, 270
안성시, 270
각각, 268
서비스, 268
카톡, 267
도시, 264
경쟁률, 264
명찰, 264
복무, 264
예산, 263
성인, 263
회, 262
이야기, 261
로, 261
날, 260
문산, 260
권리, 259
중앙, 253
시, 253
근무, 252
논란, 251
매매, 251
절차, 250
시행, 249
이용, 249
개월, 249
세상, 248
확인, 248
심, 248
급여, 248
중인, 247
주택, 247
터, 245
임시, 245
냄새, 245
연수, 243
거의, 243
억, 241
수준, 241
이전, 241
리테일, 240
시급, 240
영종, 240
신더, 240
스카이, 240
우리, 239
입지, 239
임금, 238
동물보호법, 238
공영, 238
운영, 237
이유, 237
사람, 235
포포투, 235
조별, 235
예선, 235
부담, 234
사진, 234
분위기, 234
민원, 234
처음, 233
순, 233
가운데, 232
방침, 231
린다, 231
패용, 231
대책, 230
준공, 230
실제, 230
간, 229
물가, 228
수수료, 228
주문, 228
할인, 226
고객, 226
국민일보, 226
회사, 225
눈, 225
계획, 223
추진, 223
청구, 223
전망, 222
사례, 222
구입, 222
신청, 221
이후, 221
골, 220
며, 220
앞, 220
방, 220
학부모, 220
중독, 220
결혼식, 220
측은, 220
선, 219
향후, 218
높이, 218
발굴, 218
먼저, 218
중소기업, 217
모집, 217
활동, 217
여론, 216
권장, 216
잔, 216
절반, 213
에서, 213
개최, 213
우려, 213
시리즈, 212
마리, 212
장내, 208
민물고기, 208
강원도, 207
센터, 206
긴급, 206
이익, 205
선발, 204
사유, 204
부천시, 204
청라, 204
롯데, 204
물론, 203
역시, 203
요인, 202
대통령, 202
전문가, 199
포인트, 199
협의, 198
가슴, 198
국가공무원, 198
임대료, 198
연구, 198
바로가기, 197
종합, 197
실버, 196
노인, 196
현장, 196
이념, 196
해도, 196
차질, 196
반환, 196
개통, 196
위례서, 196
공구, 196
하루, 196
방식, 195
각, 195
또한, 195
동안, 195
점포, 194
청약, 193
일이, 192
복, 191
크게, 191
교사, 191
역, 191
주가, 191
문의, 190
두, 190
사항, 189
상업, 189
축제, 188
코파아메리카, 188
러시아월드컵, 188
성적, 188
예상, 188
레알, 188
안정, 187
오픈, 187
오늘, 187
평균, 187
새, 187
기대, 185
인, 184
반면, 184
오른, 184
전체, 184
소사, 183
사, 183
차, 180
다도, 180
설립, 180
다락, 180
조감도, 180
이미지, 180
공영은, 180
영종하늘도시, 180
다산, 179
지수, 179
인식, 176
거주, 175
시세, 175
로서, 175
여성, 174
집결, 174
대구, 174
토지, 174
삼성, 172
산업, 172
김포, 172
정보, 171
간식, 171
재료, 171
기본, 171
최저, 171
도계, 171
변동, 171
매일경제, 171
신문, 170
경쟁, 170
계속, 170
복날, 170
목적, 170
정당, 170
세미나, 170
업종, 169
뿐, 169
그대로, 169
인건비, 169
창, 168
길, 168
령, 168
아시아, 168
은, 167
준비, 167
몇, 167
파이낸셜뉴스, 166
항, 166
기구, 165
지난달, 165
대비, 165
폭, 165
스, 165
학년, 165
부부, 165
예식, 165
탓, 164
무, 163
부천, 162
석, 162
파주시, 162
위험, 162
특별, 161
책임, 161
첫, 161
아직, 161
계약금, 161
중도, 161
마련, 160
생활용품, 160
자, 159
세계, 159
배, 159
시점, 159
요구, 158
이자, 158
강남, 158
아이, 157
얼마, 157
은퇴, 157
알, 156
파주, 156
선충, 156
퇴치, 156
지소, 156
암, 156
액, 155
자료, 155
더욱, 155
절감, 155
감당, 155
물류, 154
팬, 154
기기, 154
여름, 154
수원, 153
핵심, 153
통장, 153
최대, 153
즉시, 153
주, 153
자치, 152
취급, 152
철, 151
모습, 151
단계, 151
끝, 151
부진, 151
필수, 151
기능, 150
수주, 150
공시, 150
원인, 150
개선, 149
대형, 149
체계, 148
담당, 148
대체, 147
만족도, 147
선호, 147
여명, 147
전화, 147
바로, 147
불편, 147
거여동, 147
쪽, 147
완료, 147
퇴비, 147
멸균, 147
친, 146
상반기, 146
어려움, 146
보도, 146
원칙, 146
다음, 146
비판, 145
수급, 145
처, 145
무도, 145
논의, 143
예술, 143
용인, 143
외, 143
네, 143
내용, 142
북부, 142
부자, 141
형태, 141
동일, 141
주년, 141
출전, 141
우승, 141
루이스, 141
협력, 140
기피, 140
면, 140
문, 139
반, 138
러시아, 138
월드컵, 138
질병, 138
기도, 138
교통, 138
신규, 138
우선, 137
실질, 137
도내, 137
규제, 137
힘, 137
시청, 137
금액, 136
법률, 136
국회, 136
오전, 136
방치, 136
아기, 136
환영, 136
공원, 136
남북, 136
요, 136
무료, 135
장관, 135
단체, 135
일신, 135
속, 135
금, 134
내년, 134
세, 133
보건복지부, 133
상, 133
재활, 133
독자, 132
환경, 132
왼쪽, 132
명의, 131
앱, 131
참여, 130
역할, 130
소, 130
법령, 128
유튜브, 128
업무, 128
기, 128
전세, 128
개장, 127
국, 127
조속, 126
포함, 126
패, 126
라면, 126
이제, 125
위원, 125
업자, 125
시작, 125
동부, 125
연금, 124
마, 124
이스터, 124
송파구, 124
가가, 124
지속, 123
응답, 123
예비, 123
자국, 122
채널, 122
과, 121
업, 120
수퍼마켓, 120
물품, 120
랄라블라, 120
성, 120
몸, 120
꼭대기, 120
이데일리, 120
박태진, 120
복층, 120
평면, 120
최초, 119
관, 119
기관, 118
호, 118
모니터링, 118
홍보, 118
소통, 117
농림축산식품부, 117
최종, 117
전출, 117
유일하, 117
달리, 117
프리미엄, 117
보기, 116
택지, 116
젠더, 116
스쿨, 116
움직임, 116
대구시, 116
촌, 116
옥, 116
돌이, 116
확보, 115
파스, 115
속보, 115
연예, 115
효과, 115
분야, 115
구로, 115
강서구, 115
힐스테이트, 115
동네, 115
가로, 115
철회, 115
하나, 114
수원시, 114
주장, 114
희소성, 114
외식, 114
사각, 114
지대, 114
차례, 114
라며, 114
신제품, 114
대다수, 114
항변, 114
전후, 114
당, 114
리지, 114
메뉴, 114
일각, 114
한국은행, 114
둘, 114
아메리카노, 114
동결, 114
카페라테, 114
버거, 114
골드, 114
소폭, 114
닭고기, 114
혜택, 113
일상, 113
어가, 113
미란다, 113
취재원, 113
반론, 113
정정, 113
추후, 113
고충, 113
갈등, 112
종사, 112
주력, 112
보수, 112
마을, 112
물, 112
일명, 112
명목, 112
로부터, 112
나, 112
노선, 111
주목, 111
하우스, 111
장충식, 110
통한, 110
폰, 110
단톡방, 110
왕따, 110
알림, 110
이현우, 110
담임, 110
등교, 110
고등학교, 110
초등학생, 110
통제, 110
방해, 110
학업, 110
유해, 110
매체, 110
제한, 110
권고, 110
자율, 110
해약, 110
드, 110
메, 110
여씨, 110
사정, 110
내야, 110
미만, 110
서씨, 110
소비자원, 110
로열티, 110
임씨, 110
부당, 110
공정위, 110
이면, 110
강국, 110
인터넷, 110
심씨, 110
해결, 109
구성, 109
각오, 109
이기, 109
염, 109
조리, 109
교육감, 108
공단, 108
단, 108
평가, 108
개정, 108
건영, 108
상가, 108
목동, 108
설정, 107
자신, 107
부서, 107
이듬해, 107
신세, 107
장점, 107
한편, 106
천, 106
걱정, 106
통보, 106
스스로, 106
표적, 106
중학교, 106
필요, 105
관심, 105
교수, 105
지지, 105
인접, 105
체결, 105
뜻, 105
이주, 104
년대, 104
유역, 104
투약, 104
담관, 104
타, 104
올린다, 104
운세, 104
무슨, 104
매일, 104
하자, 104
오후, 103
수가, 103
발표, 103
버스, 103
호수, 103
국제, 103
주의, 102
블록, 102
적용, 102
삼복, 102
전통, 102
동법, 102
규율, 102
죽음, 102
생명, 102
저출산, 102
우수, 102
기념, 102
결혼, 102
조건, 102
차이, 102
탈출, 102
전셋값, 102
강서, 102
캐슬, 102
합의, 102
측, 102
의무, 101
허가, 101
제정, 101
조치, 101
세대, 101
매우, 101
군, 101
취약, 100
마음, 100
주거, 100
망, 100
도청, 100
인턴, 100
지정, 99
오마이, 99
불친절, 99
총리, 99
행정기관, 99
목, 99
여, 98
클럽, 98
헤럴드경제, 98
구간, 98
주둔, 98
환경부, 98
파악, 98
임진택, 98
방역, 98
철원, 98
야생, 98
조류, 98
공짜, 98
이건, 98
구토, 98
매립, 98
불법, 98
톤, 98
그거, 98
현행, 96
범위, 96
지방자치단체, 96
변경, 96
확대, 96
보호, 96
존재, 96
막, 96
한창, 96
공약, 95
선정, 95
비율, 95
온, 95
도민, 95
구직, 94
단어, 94
관계, 94
밖, 94
봐, 94
레스터, 94
리오, 94
대륙, 94
북, 94
중미, 94
월드, 94
파라과이, 94
약칭, 94
부활, 94
우루과이, 94
독일, 94
듯, 94
칠레, 94
아르헨티나, 94
로드리게스, 94
마드리드, 94
득점, 94
깜짝, 94
한번, 94
브라이언, 94
케일, 94
러, 94
나바스, 94
아스널, 94
조엘, 94
캠벨, 94
진출, 94
라미레스, 94
옥스포드, 94
영세, 93
소상, 93
공인, 93
행정, 93
전혀, 93
하남, 92
확산, 92
연대, 92
조성하, 92
영향, 91
부리, 91
