년, 4429
등, 4144
것, 4082
삼성, 3961
수, 2986
치킨, 2850
일, 2699
월, 2660
원, 2570
층, 2533
가격, 2302
가구, 1963
안드로이드, 1924
경기도, 1875
오토, 1800
만, 1783
인상, 1770
현대, 1724
자동차, 1706
분, 1682
서울, 1658
위약금, 1650
이, 1591
지난해, 1591
스마트폰, 1571
배달, 1539
공무원, 1485
롯데, 1379
만원, 1371
추가, 1356
아파트, 1342
기자, 1327
뉴스, 1306
금지, 1180
문제, 1177
우회, 1164
현대차, 1148
계약, 1147
점, 1128
오류, 1126
및, 1119
전, 1112
업체, 1112
위해, 1110
분양, 1101
사업, 1093
함수, 1087
때, 1042
음식물, 1029
명, 1013
전자, 987
구글, 978
무단, 973
때문, 970
개발, 969
가맹, 961
배포, 960
고, 951
중, 950
올해, 925
단지, 915
한화, 893
재, 875
대회, 861
프랜차이즈, 849
농가, 841
부회장, 840
개, 803
전재, 796
업계, 791
건설, 787
지난, 777
소비자, 769
설계, 758
정부, 755
집창촌, 754
물산, 752
생명, 752
경제, 751
시간, 750
경기, 747
파업, 745
매장, 741
사료, 735
를, 731
뒤, 716
차량, 709
지배구조, 705
지역, 704
이번, 702
총, 698
최근, 695
제, 691
카카오, 689
최상, 685
닭, 685
경우, 682
안, 670
일부, 660
학생, 660
팀, 655
지원, 644
폐쇄, 638
미군, 637
증, 627
기생충, 624
노조, 620
방안, 603
인천, 600
게, 597
비용, 597
규모, 590
특, 587
비, 585
골칫거리, 584
대한, 582
내, 582
조, 574
가장, 574
관계자, 574
그룹, 568
후, 568
더, 566
전용, 565
중이, 562
전국, 556
부대, 547
값, 542
테라스, 540
차, 534
못, 529
결과, 525
감염, 520
기간, 518
한국, 515
최저임금, 513
료, 513
달, 510
앱, 507
구조, 503
모든, 501
직원, 498
건, 497
학교, 497
또, 496
양계, 490
사, 486
기사, 482
주민, 481
최고, 479
김, 473
서비스, 471
약, 470
콜롬비아, 470
간흡충, 468
검사, 468
현재, 466
거, 466
마당, 466
모두, 463
도로, 463
지자체, 462
연, 459
관리, 459
지금, 458
다른, 457
대행, 456
기술, 451
임금, 448
본사, 446
사실, 444
그, 443
회사, 441
예정, 430
조사, 429
주식, 427
제공, 427
처리, 425
통해, 425
순환, 423
출자, 423
이재용, 423
열사, 423
이상, 423
면서, 421
말, 418
주가, 416
상황, 413
미국, 413
가량, 411
데, 408
지사, 408
강, 407
자갈, 406
내비, 402
내비게이션, 402
최대, 398
품목, 397
본부, 396
부지, 396
씨, 396
고객, 395
경영, 392
시, 390
대상, 388
률, 387
의, 386
예식장, 385
공간, 384
사용, 383
기아, 382
수도, 380
기본, 379
위원장, 376
계, 376
조원, 376
매각, 376
코스타리카, 376
전화, 369
피해, 365
정도, 365
도, 361
한신, 360
로, 359
스타, 358
공급, 357
위례신도시, 356
면적, 350
일대, 350
성매매, 348
주요, 346
이전, 346
와, 346
선, 345
울산, 345
대표, 345
치, 343
인근, 343
제품, 342
디스플레이, 340
평화, 340
햄버거, 340
상태, 337
억원, 336
감독, 334
공사, 333
해당, 333
초, 333
교육, 332
편의점, 330
개편, 329
금산분리, 329
주주, 329
문화, 329
축구, 329
코파, 329
중인, 328
기능, 328
더욱, 328
초등학교, 326
이후, 322
국민, 322
거리, 320
시스템, 317
셈, 317
글로벌, 316
만큼, 315
측은, 315
지하, 315
여기, 313
대책, 312
처음, 311
부, 311
코리아, 310
개선, 306
질문, 306
미분, 306
운전자, 304
사인, 303
농장, 302
세, 301
보고, 301
고용, 301
제보, 298
상승, 298
위, 297
입, 296
별로, 293
파크, 291
거의, 290
가운데, 290
출시, 289
회장, 287
절차, 287
눈치, 285
커피, 285
피자, 285
종합, 284
경험, 284
기준, 283
이유, 283
점주, 283
개편안, 282
모비스, 282
기아차, 282
국내, 282
수소, 282
터, 282
남미, 282
브라질월드컵, 282
첫, 281
각각, 280
기록, 280
트, 279
확인, 279
린다, 278
방침, 276
채널, 275
대해, 275
수업, 275
해지, 275
약정, 275
휴대전화, 275
개월치, 275
파빌리온, 273
교섭, 272
모빌리티, 271
용, 271
공장, 270
수준, 270
구입, 269
사례, 269
정보, 269
실제, 267
카톡, 267
먼저, 265
개정안, 264
통과, 264
명찰, 264
복무, 264
수도권, 263
리그, 261
자산, 260
우려, 260
문산, 260
보건, 260
위원회, 259
권리, 259
로렌스, 258
매니저, 258
연합뉴스, 258
볼, 258
움직임, 257
일이, 257
연구, 256
보험, 255
지상, 255
동, 255
눈, 254
부담, 253
직접, 253
매매, 251
노사, 250
개월, 249
회, 248
확보, 248
급여, 248
보기, 247
카드, 245
임시, 245
냄새, 245
번, 244
주, 242
산업, 240
시급, 240
영종, 240
신더, 240
스카이, 240
도입, 240
곳, 238
공영, 238
높이, 237
무산, 235
대기업, 235
지배, 235
업법, 235
포포투, 235
조별, 235
예선, 235
새, 234
오늘, 234
디자인, 234
민원, 234
브랜드, 233
경쟁률, 233
순, 233
음악, 232
어, 232
시스턴, 232
한국어, 232
차종, 232
하루, 232
전체, 231
대비, 231
패용, 231
규칙, 231
구독, 230
성인, 229
철회, 228
물가, 228
수수료, 228
주문, 228
기업, 226
할인, 226
식품, 226
국민일보, 226
자, 225
파트너, 225
해도, 225
저작권, 224
네이버, 223
협상, 223
청구, 223
메시지, 222
리드, 222
프로, 222
덕트, 222
뉴시스, 222
날, 221
방, 220
학부모, 220
중독, 220
결혼식, 220
기대, 219
이익, 218
미디어, 218
공개, 217
마련, 216
관련, 216
권장, 216
잔, 216
부분파업, 215
시민, 215
금융, 214
합의, 214
세계, 213
개최, 213
요구, 212
스, 212
길, 212
마리, 212
무료, 211
조성, 211
관심, 210
결정, 210
시점, 209
수요, 209
장내, 208
민물고기, 208
사장, 207
다운, 207
예산, 207
강원도, 207
물, 206
긴급, 206
외, 205
센터, 205
공정위, 204
청라, 204
살, 203
광고, 203
오후, 203
역시, 203
준공, 202
최초, 201
억, 201
분위기, 200
각, 199
매입, 199
협의, 199
끝, 198
가슴, 198
국가공무원, 198
임대료, 198
페이스북, 197
거래, 196
가능성, 196
음성, 196
드라이빙, 196
인포테인먼트, 196
차질, 196
반환, 196
개통, 196
위례서, 196
공구, 196
칸, 195
본상, 195
연속, 195
완성, 195
에서, 194
이야기, 194
전망, 194
심, 194
힘, 193
논란, 193
이미지, 193
여름, 193
사진, 193
청약, 193
해소, 192
핵심, 192
기자간담회, 192
과정, 192
오전, 191
역, 191
주택, 191
시장, 189
바로가기, 189
위기, 189
관건, 188
김상조, 188
총수, 188
일가, 188
투자, 188
주년, 188
기존, 188
축제, 188
코파아메리카, 188
러시아월드컵, 188
성적, 188
예상, 188
레알, 188
평균, 187
향후, 185
대형, 185
절반, 185
검색, 184
시세, 184
발굴, 184
인, 184
반면, 184
오른, 184
책임, 183
공정, 182
속, 182
석, 182
국제, 181
전시, 181
골, 181
독일, 181
사회, 180
다락, 180
조감도, 180
공영은, 180
영종하늘도시, 180
설정, 179
지수, 179
미래, 178
세상, 178
지구, 178
금속노조, 177
선발, 177
경고, 176
시행, 176
인식, 176
보이, 175
지난달, 175
원칙, 175
스토어, 174
부분, 174
현장, 174
폭스바겐, 174
여성, 174
집결, 174
대구, 174
토지, 174
교통, 173
관, 172
사람, 172
복지, 172
김포, 172
특별, 171
전문가, 171
간식, 171
재료, 171
요인, 171
최저, 171
도계, 171
변동, 171
매일경제, 171
이하, 170
세미나, 170
계획, 169
바, 169
최, 169
포함, 169
뿐, 169
그대로, 169
가공, 169
인건비, 169
과, 168
전기, 168
아시아, 168
동안, 167
준비, 167
점포, 167
몇, 167
러시아, 166
월드컵, 166
발표, 165
근무, 165
폭, 165
학년, 165
부부, 165
예식, 165
최종, 164
팔, 164
하락, 164
탓, 164
라며, 163
문의, 163
크게, 163
두, 163
무, 163
취임, 162
파주시, 162
위험, 162
물류, 161
둘, 161
앞서, 161
아직, 161
유통, 161
계약금, 161
중도, 161
하라, 160
시판, 160
우선, 160
청년, 160
오픈, 160
철, 159
신청, 159
배, 159
주목, 158
내부, 158
설치, 158
강남, 158
입지, 158
얼마, 157
은퇴, 157
통합, 156
유일하, 156
소사, 156
알, 156
인구, 156
파주, 156
선충, 156
퇴치, 156
지소, 156
암, 156
안정, 155
일보, 155
예술, 155
중앙, 155
절감, 155
감당, 155
산이, 154
아들, 154
물론, 154
팬, 154
기기, 154
스스로, 153
케이블, 153
카, 153
즉시, 153
지주, 152
정책, 152
취급, 152
눈길, 151
하자, 151
운영, 151
로부터, 151
부진, 151
필수, 151
차례, 150
수주, 150
공시, 150
원인, 150
자발, 149
집중, 149
분쟁, 149
선호, 149
나, 148
담당, 148
규정, 148
도시, 148
날씨, 147
편의, 147
바로, 147
불편, 147
거여동, 147
쪽, 147
완료, 147
퇴비, 147
멸균, 147
반발, 146
가지, 146
방식, 146
협회, 146
사정, 146
단계, 146
어려움, 146
보도, 146
다음, 146
플레이, 145
공원, 145
무도, 145
중심, 144
다만, 144
뜻, 144
한겨레, 143
율, 143
경쟁, 143
용인, 143
네, 143
북부, 142
코, 141
계열, 141
사옥, 141
가치, 141
분율, 141
부동산, 141
천억원, 141
화학, 141
통상, 141
체계, 141
판매, 141
출전, 141
우승, 141
루이스, 141
안내, 140
신도시, 138
우리, 137
남북, 136
요, 136
분석, 135
홍보, 135
방문, 135
환경, 135
실행, 134
멜론, 134
체결, 134
내년, 134
추진, 134
이용, 134
재활, 133
항, 132
왼쪽, 132
표시, 131
온, 131
협력, 131
이자, 131
단, 130
간, 130
직, 129
모습, 128
업무, 128
기, 128
전세, 128
며, 128
노력, 127
보이지, 127
지니, 127
파이낸셜뉴스, 127
국, 127
전기차, 126
패, 126
라면, 126
부문, 125
안전, 125
시작, 125
동부, 125
듣기, 124
안희정, 124
이사, 124
액, 124
송파구, 124
가가, 124
스마트, 123
분야, 123
아이, 123
예비, 123
주의, 121
블록, 121
신문, 121
소재, 121
사항, 121
지부, 120
체험, 120
일단, 120
성, 120
거주, 120
여명, 120
몸, 120
꼭대기, 120
만족도, 120
이데일리, 120
박태진, 120
복층, 120
평면, 120
장관, 119
위원, 118
역할, 118
화면, 117
수상한, 117
평창, 117
동계올림픽, 117
전출, 117
달리, 117
프리미엄, 117
아우디, 116
젠더, 116
스쿨, 116
논의, 116
대구시, 116
촌, 116
옥, 116
돌이, 116
구로, 115
강서구, 115
힐스테이트, 115
동네, 115
가로, 115
단체, 114
외식, 114
사각, 114
지대, 114
여론, 114
신제품, 114
대다수, 114
항변, 114
사육, 114
전후, 114
형태, 114
당, 114
리지, 114
메뉴, 114
일각, 114
한국은행, 114
아메리카노, 114
동결, 114
동일, 114
카페라테, 114
버거, 114
골드, 114
소폭, 114
닭고기, 114
출범, 113
취지, 113
준, 113
인기, 113
일상, 113
어가, 113
면, 113
미란다, 113
취재원, 113
독자, 113
반론, 113
정정, 113
추후, 113
고충, 113
입장, 112
조건, 112
앞, 112
일명, 112
명목, 112
일정, 111
난항, 111
성과급, 111
수급, 111
처, 111
신규, 111
하우스, 111
폰, 110
단톡방, 110
왕따, 110
알림, 110
이현우, 110
담임, 110
교사, 110
반, 110
등교, 110
고등학교, 110
초등학생, 110
통제, 110
방해, 110
학업, 110
유해, 110
매체, 110
제한, 110
권고, 110
자율, 110
활동, 110
해약, 110
드, 110
메, 110
여씨, 110
내야, 110
미만, 110
서씨, 110
소비자원, 110
로열티, 110
임씨, 110
부당, 110
이면, 110
강국, 110
인터넷, 110
심씨, 110
이슈, 109
공동, 109
주장, 109
이기, 109
계속, 109
염, 109
조리, 109
기피, 109
필요, 108
노동조합, 108
목동, 108
노미, 107
개혁, 107
뭐, 107
이듬해, 107
신세, 107
장점, 107
손, 106
걱정, 106
통보, 106
표적, 106
금, 106
중학교, 106
옛, 105
실어, 105
이제, 105
은, 105
업종, 104
보수, 104
현실, 104
팔면, 104
장사, 104
이주, 104
년대, 104
위생, 104
질병, 104
유역, 104
투약, 104
담관, 104
기구, 104
타, 104
올린다, 104
기도, 104
운세, 104
무슨, 104
매일, 104
지속, 103
버스, 103
호수, 103
대부분, 102
저런, 102
남아, 102
단기간, 102
표, 102
자의, 102
차이, 102
탈출, 102
전셋값, 102
강서, 102
캐슬, 102
측, 102
강남구, 101
자료, 101
군, 101
유튜브, 101
업데이트, 100
도청, 100
인턴, 100
길이, 99
자원부, 99
지정, 99
오마이, 99
불친절, 99
총리, 99
행정기관, 99
목, 99
설립, 99
정식, 98
비트, 98
탑재, 98
영어, 98
전세계, 98
아반떼, 98
